url,entity,entity_type,subject,subject_type,predicate,object,object_type,sentence
https://huggingface.co/blog/bert-101,2018,DATE,,,,,,
https://huggingface.co/blog/bert-101,Google AI Language,ORG,,,,,,
https://huggingface.co/blog/bert-101,BERT,PERSON,,,,,,
https://huggingface.co/blog/bert-101,almost every single day,DATE,,,,,,
https://huggingface.co/blog/bert-101,Google Translate,ORG,,,,,,
https://huggingface.co/blog/bert-101,Google,ORG,,,,,,
https://huggingface.co/blog/bert-101,November of 2020,DATE,,,,,,
https://huggingface.co/blog/bert-101,BERT,PRODUCT,,,,,,
https://huggingface.co/blog/bert-101,Wikipedia,ORG,,,,,,
https://huggingface.co/blog/bert-101,BooksCorpus,ORG,,,,,,
https://huggingface.co/blog/bert-101,Transformer,PRODUCT,,,,,,
https://huggingface.co/blog/bert-101,TPUs,PRODUCT,,,,,,
https://huggingface.co/blog/bert-101,Tensor Processing Units,PRODUCT,,,,,,
https://huggingface.co/blog/bert-101,4 days,DATE,,,,,,
https://huggingface.co/blog/bert-101,March 2020,DATE,,,,,,
https://huggingface.co/blog/bert-101,DistilBERT,PRODUCT,,,,,,
https://huggingface.co/blog/bert-101,1953,DATE,,,,,,
https://huggingface.co/blog/bert-101,Cloze,PERSON,,,,,,
https://huggingface.co/blog/bert-101,Paul,PERSON,,,,,,
